direction,rank,term,weight
not_planned,1,flutter,2.128
not_planned,2,tuya,1.509
not_planned,3,code,1.426
not_planned,4,use case,1.398
not_planned,5,extension version,1.307
not_planned,6,proposal,1.247
not_planned,7,pods,1.207
not_planned,8,application,1.206
not_planned,9,restart,1.131
not_planned,10,request,1.12
not_planned,11,want,1.118
not_planned,12,volume,1.067
not_planned,13,pub,1.066
not_planned,14,type,1.063
not_planned,15,extension,1.059
completed,1,[url],-2.581
completed,2,terminal,-2.058
completed,3,test,-1.726
completed,4,we,-1.522
completed,5,numpy,-1.497
completed,6,beta,-1.43
completed,7,failing,-1.376
completed,8,0b0,-1.356
completed,9,[image],-1.198
completed,10,doc,-1.164
completed,11,[impeller],-1.163
completed,12,dra,-1.143
completed,13,cc,-1.137
completed,14,ci,-1.135
completed,15,0b0 what,-1.134
