id,label,pred,prob_not_planned
flutter/flutter#142317,1,0,0.309529
flutter/flutter#142372,1,1,0.569583
flutter/flutter#142390,1,0,0.462335
flutter/flutter#142402,1,1,0.578542
flutter/flutter#142535,1,0,0.414591
flutter/flutter#142537,1,1,0.555751
flutter/flutter#142541,1,1,0.531563
flutter/flutter#142549,0,0,0.186965
flutter/flutter#142615,0,1,0.546113
flutter/flutter#142632,0,1,0.56876
flutter/flutter#142636,0,1,0.563537
flutter/flutter#142658,1,1,0.64142
flutter/flutter#144129,1,1,0.647902
flutter/flutter#144139,1,1,0.628303
flutter/flutter#144156,1,0,0.495337
flutter/flutter#144228,1,1,0.694866
flutter/flutter#144258,1,0,0.402383
flutter/flutter#144301,1,0,0.407775
flutter/flutter#144380,1,1,0.537274
flutter/flutter#144385,0,0,0.384709
flutter/flutter#144433,0,1,0.535143
flutter/flutter#145745,1,0,0.497448
flutter/flutter#145857,1,1,0.528859
flutter/flutter#145878,1,1,0.645562
flutter/flutter#145908,1,1,0.720622
flutter/flutter#145945,0,1,0.528454
flutter/flutter#145970,1,0,0.406674
flutter/flutter#146018,0,0,0.100375
flutter/flutter#146036,0,1,0.632553
flutter/flutter#147416,1,1,0.575438
flutter/flutter#147515,0,0,0.459033
flutter/flutter#147516,0,1,0.535179
flutter/flutter#147577,0,1,0.522046
flutter/flutter#149310,1,0,0.42416
flutter/flutter#149370,0,0,0.364378
flutter/flutter#149410,0,0,0.304858
flutter/flutter#149417,0,1,0.557551
flutter/flutter#149426,0,0,0.395106
flutter/flutter#149428,1,0,0.482035
flutter/flutter#149443,0,0,0.441066
flutter/flutter#150768,1,1,0.598708
flutter/flutter#150836,1,1,0.641443
flutter/flutter#150870,1,0,0.283758
flutter/flutter#150973,0,0,0.332776
flutter/flutter#151027,0,1,0.669983
flutter/flutter#151032,0,1,0.582417
flutter/flutter#151036,0,1,0.533791
flutter/flutter#151051,1,1,0.563121
flutter/flutter#151068,0,1,0.558089
flutter/flutter#151071,0,1,0.579243
flutter/flutter#151072,1,1,0.619914
flutter/flutter#152430,1,0,0.451574
flutter/flutter#152479,1,0,0.488924
flutter/flutter#152558,0,1,0.501649
flutter/flutter#154169,1,0,0.455552
flutter/flutter#154415,0,1,0.639015
flutter/flutter#154419,0,0,0.109161
flutter/flutter#155873,1,1,0.58693
flutter/flutter#155877,0,0,0.491661
flutter/flutter#155879,0,1,0.529651
flutter/flutter#155897,0,1,0.567727
flutter/flutter#155910,1,1,0.769268
flutter/flutter#155916,0,1,0.560928
flutter/flutter#155943,0,0,0.227353
flutter/flutter#157687,1,1,0.635092
flutter/flutter#157895,1,1,0.576244
flutter/flutter#157908,1,1,0.679821
flutter/flutter#157933,1,0,0.290388
flutter/flutter#157935,0,0,0.364548
flutter/flutter#159585,1,1,0.591877
flutter/flutter#159587,0,1,0.598874
flutter/flutter#159611,0,1,0.612138
flutter/flutter#159628,1,0,0.488653
flutter/flutter#160855,1,1,0.564672
flutter/flutter#160877,1,1,0.568004
flutter/flutter#160948,0,0,0.356409
flutter/flutter#160967,0,1,0.596884
flutter/flutter#161018,0,1,0.647492
flutter/flutter#161020,0,1,0.721219
flutter/flutter#161950,1,1,0.544835
flutter/flutter#162273,1,1,0.63425
flutter/flutter#162302,1,0,0.484897
flutter/flutter#162340,1,1,0.60975
flutter/flutter#162486,0,0,0.488932
flutter/flutter#162512,0,0,0.457885
flutter/flutter#162539,0,0,0.342521
flutter/flutter#163508,1,0,0.4413
flutter/flutter#163620,1,0,0.492916
flutter/flutter#163918,1,1,0.549462
flutter/flutter#164374,0,1,0.576087
flutter/flutter#164960,1,0,0.490303
flutter/flutter#165112,1,1,0.612744
flutter/flutter#165284,1,1,0.577225
flutter/flutter#165776,1,0,0.462159
flutter/flutter#165777,1,1,0.669099
flutter/flutter#165785,1,1,0.649455
flutter/flutter#165995,1,1,0.518969
flutter/flutter#166222,0,1,0.66376
flutter/flutter#166243,0,1,0.71973
flutter/flutter#166275,0,0,0.479631
flutter/flutter#166279,0,0,0.375098
flutter/flutter#166285,0,0,0.307387
flutter/flutter#166287,0,0,0.388546
flutter/flutter#167063,1,1,0.721337
flutter/flutter#167436,1,0,0.337096
flutter/flutter#168044,0,1,0.567332
flutter/flutter#168047,1,1,0.587989
flutter/flutter#168070,0,0,0.096985
flutter/flutter#168099,0,0,0.473737
flutter/flutter#169367,1,1,0.541868
flutter/flutter#169710,0,0,0.350037
flutter/flutter#169752,0,0,0.360725
flutter/flutter#170778,1,1,0.665905
flutter/flutter#170806,1,0,0.457001
flutter/flutter#170893,1,1,0.597038
flutter/flutter#170944,1,1,0.584944
flutter/flutter#171099,1,1,0.543288
flutter/flutter#171363,0,1,0.651248
flutter/flutter#171367,0,1,0.608986
flutter/flutter#171390,0,1,0.533796
flutter/flutter#171391,0,0,0.248037
flutter/flutter#171402,0,0,0.476559
flutter/flutter#172278,1,1,0.57587
flutter/flutter#172284,1,1,0.59269
flutter/flutter#172320,1,1,0.693632
flutter/flutter#172836,1,1,0.714918
flutter/flutter#172940,0,0,0.364114
flutter/flutter#173000,0,0,0.249292
flutter/flutter#173008,0,0,0.23649
flutter/flutter#173047,0,0,0.232446
flutter/flutter#174157,1,0,0.34466
flutter/flutter#174203,1,1,0.52219
flutter/flutter#174457,1,1,0.531314
flutter/flutter#174583,0,0,0.398301
flutter/flutter#174589,0,0,0.367613
flutter/flutter#174638,1,1,0.721341
flutter/flutter#175420,1,1,0.654459
flutter/flutter#175421,1,0,0.49062
flutter/flutter#175752,1,1,0.745994
flutter/flutter#176005,1,1,0.600822
flutter/flutter#176143,0,1,0.528676
flutter/flutter#176193,1,1,0.510114
flutter/flutter#176311,1,1,0.576619
flutter/flutter#177141,1,1,0.520556
flutter/flutter#177149,1,1,0.739395
flutter/flutter#177163,1,1,0.546179
flutter/flutter#177673,0,0,0.329264
flutter/flutter#177713,1,0,0.450672
flutter/flutter#177769,0,0,0.243648
flutter/flutter#177790,0,0,0.394967
flutter/flutter#178521,1,1,0.701217
flutter/flutter#178762,1,1,0.598294
flutter/flutter#179125,0,0,0.336709
flutter/flutter#179134,1,0,0.329044
flutter/flutter#179139,0,0,0.465213
flutter/flutter#179141,0,0,0.457776
flutter/flutter#179155,0,0,0.472252
flutter/flutter#179185,0,0,0.39248
flutter/flutter#179536,1,1,0.554486
flutter/flutter#179656,1,0,0.489902
flutter/flutter#180334,0,1,0.655077
flutter/flutter#180335,1,1,0.563323
flutter/flutter#180359,0,1,0.604381
home-assistant/core#109052,0,1,0.603624
home-assistant/core#109081,0,1,0.581692
home-assistant/core#109097,1,0,0.494026
home-assistant/core#109103,1,1,0.593216
home-assistant/core#109148,1,1,0.619661
home-assistant/core#109210,0,0,0.369337
home-assistant/core#109246,1,1,0.577725
home-assistant/core#109256,0,1,0.57638
home-assistant/core#111713,1,0,0.454104
home-assistant/core#111729,1,1,0.633454
home-assistant/core#111732,1,0,0.424397
home-assistant/core#111742,1,0,0.496207
home-assistant/core#111756,1,1,0.66316
home-assistant/core#111759,0,1,0.557482
home-assistant/core#111858,1,1,0.676397
home-assistant/core#111873,0,0,0.478059
home-assistant/core#114403,0,0,0.489858
home-assistant/core#114430,0,0,0.402277
home-assistant/core#114440,1,0,0.345641
home-assistant/core#114462,1,1,0.669229
home-assistant/core#114472,0,0,0.410688
home-assistant/core#114482,1,0,0.439593
home-assistant/core#114483,1,0,0.478003
home-assistant/core#114490,0,0,0.488166
home-assistant/core#114493,1,0,0.442251
home-assistant/core#114533,1,0,0.383741
home-assistant/core#114550,0,0,0.39478
home-assistant/core#116274,0,0,0.439648
home-assistant/core#116288,1,0,0.398912
home-assistant/core#116299,0,1,0.741998
home-assistant/core#116353,1,1,0.681071
home-assistant/core#116365,1,1,0.503614
home-assistant/core#116402,0,1,0.602447
home-assistant/core#116438,1,0,0.326793
home-assistant/core#116466,0,0,0.406222
home-assistant/core#116479,0,0,0.370028
home-assistant/core#116483,1,0,0.426045
home-assistant/core#118417,0,0,0.284011
home-assistant/core#118502,1,0,0.31857
home-assistant/core#118503,1,0,0.444254
home-assistant/core#118533,0,0,0.416584
home-assistant/core#118536,1,0,0.393331
home-assistant/core#120666,0,0,0.294516
home-assistant/core#120673,0,1,0.537884
home-assistant/core#120780,1,0,0.460496
home-assistant/core#120836,0,1,0.501951
home-assistant/core#120855,1,1,0.52079
home-assistant/core#120865,1,0,0.414211
home-assistant/core#122694,0,0,0.452811
home-assistant/core#122825,1,1,0.534617
home-assistant/core#122829,1,0,0.475484
home-assistant/core#122882,0,0,0.334856
home-assistant/core#122899,1,1,0.521299
home-assistant/core#122918,0,1,0.589473
home-assistant/core#122964,0,1,0.503292
home-assistant/core#122970,0,0,0.324098
home-assistant/core#124801,1,1,0.564545
home-assistant/core#124857,0,1,0.514279
home-assistant/core#124944,0,0,0.443077
home-assistant/core#124962,0,1,0.613364
home-assistant/core#124965,0,1,0.520895
home-assistant/core#124966,1,1,0.550259
home-assistant/core#124976,0,0,0.448229
home-assistant/core#124979,0,1,0.577867
home-assistant/core#124995,0,1,0.665202
home-assistant/core#127041,0,1,0.614088
home-assistant/core#127085,1,1,0.52829
home-assistant/core#127102,0,0,0.364458
home-assistant/core#129392,1,0,0.497627
home-assistant/core#129412,1,0,0.426411
home-assistant/core#129509,1,0,0.428517
home-assistant/core#129551,0,0,0.30371
home-assistant/core#129563,0,0,0.489804
home-assistant/core#129564,0,0,0.488125
home-assistant/core#129580,1,0,0.478347
home-assistant/core#129585,0,0,0.446114
home-assistant/core#129597,0,0,0.401676
home-assistant/core#131801,0,0,0.30888
home-assistant/core#131829,1,0,0.431484
home-assistant/core#131835,1,0,0.474214
home-assistant/core#131839,1,0,0.429159
home-assistant/core#131922,0,0,0.410466
home-assistant/core#131939,0,0,0.32863
home-assistant/core#131949,1,1,0.652567
home-assistant/core#131968,1,0,0.492334
home-assistant/core#131975,1,1,0.518424
home-assistant/core#134176,0,0,0.355976
home-assistant/core#134264,0,0,0.331786
home-assistant/core#134288,0,0,0.481141
home-assistant/core#134293,0,1,0.502254
home-assistant/core#134312,0,0,0.4707
home-assistant/core#134358,0,0,0.482939
home-assistant/core#136820,1,0,0.464472
home-assistant/core#136963,0,0,0.48174
home-assistant/core#136984,0,1,0.576352
home-assistant/core#137004,0,1,0.514255
home-assistant/core#137021,1,0,0.403425
home-assistant/core#137026,1,1,0.617608
home-assistant/core#137046,0,1,0.559219
home-assistant/core#139285,1,0,0.475662
home-assistant/core#139417,0,0,0.386392
home-assistant/core#139442,1,1,0.59079
home-assistant/core#139443,1,1,0.66277
home-assistant/core#139461,0,1,0.5147
home-assistant/core#139466,0,1,0.526805
home-assistant/core#139479,0,1,0.514697
home-assistant/core#139494,0,0,0.417181
home-assistant/core#139500,1,1,0.569417
home-assistant/core#139527,0,0,0.297674
home-assistant/core#141656,1,1,0.710531
home-assistant/core#141706,1,0,0.475882
home-assistant/core#141737,1,1,0.532489
home-assistant/core#141748,1,1,0.567306
home-assistant/core#141826,1,0,0.485925
home-assistant/core#141918,0,0,0.396262
home-assistant/core#141942,1,1,0.661967
home-assistant/core#143755,1,1,0.548983
home-assistant/core#143788,0,0,0.403069
home-assistant/core#143815,0,0,0.470549
home-assistant/core#143841,1,1,0.739153
home-assistant/core#143875,1,1,0.572887
home-assistant/core#143946,1,1,0.747554
home-assistant/core#145769,1,1,0.599872
home-assistant/core#145795,1,1,0.633823
home-assistant/core#145857,0,0,0.407065
home-assistant/core#145906,0,0,0.391448
home-assistant/core#145923,1,1,0.551383
home-assistant/core#147687,1,0,0.467158
home-assistant/core#147695,1,0,0.448711
home-assistant/core#147737,0,0,0.478513
home-assistant/core#147757,1,0,0.494595
home-assistant/core#147790,1,1,0.534764
home-assistant/core#147802,0,0,0.498568
home-assistant/core#149534,1,1,0.604044
home-assistant/core#149614,1,0,0.490847
home-assistant/core#149633,1,0,0.485564
home-assistant/core#149638,1,1,0.500302
home-assistant/core#149693,0,0,0.371685
home-assistant/core#149723,0,0,0.4859
home-assistant/core#149724,1,0,0.499668
home-assistant/core#149746,0,0,0.498009
home-assistant/core#149771,0,0,0.287527
home-assistant/core#151276,1,1,0.629731
home-assistant/core#151350,0,1,0.600416
home-assistant/core#151364,1,0,0.450597
home-assistant/core#151403,0,1,0.533045
home-assistant/core#151423,0,1,0.603016
home-assistant/core#151460,0,0,0.416387
home-assistant/core#151469,0,0,0.370267
home-assistant/core#153130,0,0,0.418831
home-assistant/core#153133,1,0,0.472506
home-assistant/core#153140,1,0,0.497884
home-assistant/core#153151,0,0,0.461276
home-assistant/core#153186,1,0,0.495096
home-assistant/core#153189,1,1,0.503084
home-assistant/core#153207,1,1,0.58358
home-assistant/core#153240,0,0,0.478601
home-assistant/core#153263,0,1,0.504662
home-assistant/core#153265,1,0,0.411049
home-assistant/core#155361,1,1,0.628102
home-assistant/core#155401,1,1,0.571124
home-assistant/core#155413,0,0,0.439892
home-assistant/core#155463,1,1,0.597696
home-assistant/core#155496,0,0,0.356723
home-assistant/core#155519,1,1,0.591272
home-assistant/core#155546,0,0,0.414
home-assistant/core#155548,0,0,0.48085
home-assistant/core#155552,1,0,0.4646
home-assistant/core#155560,1,1,0.57889
home-assistant/core#157456,0,0,0.357059
home-assistant/core#157471,0,0,0.359233
home-assistant/core#157474,0,0,0.374932
home-assistant/core#157475,0,0,0.254124
home-assistant/core#157487,1,0,0.434122
home-assistant/core#157496,1,0,0.452655
home-assistant/core#157529,1,1,0.566017
home-assistant/core#157536,0,0,0.364229
home-assistant/core#157544,1,1,0.615211
home-assistant/core#157560,0,0,0.454647
home-assistant/core#157574,0,0,0.357335
home-assistant/core#157585,0,0,0.393379
home-assistant/core#157586,0,1,0.544784
home-assistant/core#157587,1,1,0.508054
home-assistant/core#157592,1,0,0.450066
home-assistant/core#159888,1,0,0.447553
home-assistant/core#159923,1,0,0.370517
home-assistant/core#159932,1,0,0.407945
home-assistant/core#159937,1,1,0.589141
home-assistant/core#159955,0,1,0.523885
home-assistant/core#160026,0,0,0.330085
home-assistant/core#160063,0,1,0.523863
home-assistant/core#160064,0,0,0.435656
kubernetes/kubernetes#122916,0,0,0.363097
kubernetes/kubernetes#122918,0,0,0.471761
kubernetes/kubernetes#122932,1,1,0.506699
kubernetes/kubernetes#122945,0,1,0.591535
kubernetes/kubernetes#122955,0,0,0.470174
kubernetes/kubernetes#122968,0,0,0.383879
kubernetes/kubernetes#123015,1,0,0.438743
kubernetes/kubernetes#123019,0,1,0.569436
kubernetes/kubernetes#123048,1,1,0.540869
kubernetes/kubernetes#123119,1,1,0.512484
kubernetes/kubernetes#123434,0,1,0.540085
kubernetes/kubernetes#123459,0,0,0.462118
kubernetes/kubernetes#123497,0,0,0.151777
kubernetes/kubernetes#123553,1,1,0.647344
kubernetes/kubernetes#123556,0,0,0.253779
kubernetes/kubernetes#123790,1,0,0.425788
kubernetes/kubernetes#123955,0,1,0.520056
kubernetes/kubernetes#123968,0,1,0.553707
kubernetes/kubernetes#124018,1,0,0.491216
kubernetes/kubernetes#124030,0,0,0.296807
kubernetes/kubernetes#124094,1,1,0.65051
kubernetes/kubernetes#124208,1,1,0.637983
kubernetes/kubernetes#124224,1,1,0.510137
kubernetes/kubernetes#124233,1,1,0.507481
kubernetes/kubernetes#124264,1,1,0.60643
kubernetes/kubernetes#124392,1,1,0.556546
kubernetes/kubernetes#124406,1,0,0.415457
kubernetes/kubernetes#124478,0,0,0.19815
kubernetes/kubernetes#124511,0,0,0.247144
kubernetes/kubernetes#124538,1,0,0.360857
kubernetes/kubernetes#124566,0,0,0.398284
kubernetes/kubernetes#124591,1,0,0.155356
kubernetes/kubernetes#124608,0,0,0.43523
kubernetes/kubernetes#124636,0,1,0.53563
kubernetes/kubernetes#124656,1,0,0.456371
kubernetes/kubernetes#124781,1,1,0.573203
kubernetes/kubernetes#124821,1,1,0.688095
kubernetes/kubernetes#124881,1,1,0.54579
kubernetes/kubernetes#124949,1,1,0.786072
kubernetes/kubernetes#125173,0,0,0.094258
kubernetes/kubernetes#125185,0,0,0.471967
kubernetes/kubernetes#125187,0,0,0.205793
kubernetes/kubernetes#125201,0,0,0.376772
kubernetes/kubernetes#125244,0,0,0.170248
kubernetes/kubernetes#125633,0,0,0.393338
kubernetes/kubernetes#125665,0,0,0.376291
kubernetes/kubernetes#125666,0,0,0.163982
kubernetes/kubernetes#125677,1,1,0.549205
kubernetes/kubernetes#125694,0,0,0.215713
kubernetes/kubernetes#125702,0,0,0.424914
kubernetes/kubernetes#125728,0,1,0.590488
kubernetes/kubernetes#125744,0,0,0.144995
kubernetes/kubernetes#125792,0,0,0.424075
kubernetes/kubernetes#125800,0,0,0.169517
kubernetes/kubernetes#126178,1,0,0.445451
kubernetes/kubernetes#126235,1,1,0.509439
kubernetes/kubernetes#126346,1,0,0.439925
kubernetes/kubernetes#126365,1,0,0.343954
kubernetes/kubernetes#126391,0,0,0.179164
kubernetes/kubernetes#126414,0,0,0.453396
kubernetes/kubernetes#126471,1,1,0.548792
kubernetes/kubernetes#126472,1,0,0.33186
kubernetes/kubernetes#126484,0,0,0.456355
kubernetes/kubernetes#126732,1,1,0.564801
kubernetes/kubernetes#126892,0,1,0.534587
kubernetes/kubernetes#126906,0,0,0.407348
kubernetes/kubernetes#126908,0,0,0.439195
kubernetes/kubernetes#126915,0,0,0.199984
kubernetes/kubernetes#126944,0,1,0.687078
kubernetes/kubernetes#127004,1,1,0.660257
kubernetes/kubernetes#127199,1,1,0.502738
kubernetes/kubernetes#127215,1,1,0.546959
kubernetes/kubernetes#127247,1,1,0.72268
kubernetes/kubernetes#127588,0,0,0.370854
kubernetes/kubernetes#127596,0,0,0.306415
kubernetes/kubernetes#127694,0,0,0.456262
kubernetes/kubernetes#127735,1,0,0.425084
kubernetes/kubernetes#127747,0,0,0.43964
kubernetes/kubernetes#127748,0,0,0.411806
kubernetes/kubernetes#127884,1,0,0.410003
kubernetes/kubernetes#128413,1,1,0.544629
kubernetes/kubernetes#128479,0,1,0.516035
kubernetes/kubernetes#128798,1,1,0.614716
kubernetes/kubernetes#128812,1,0,0.46664
kubernetes/kubernetes#128822,1,1,0.589532
kubernetes/kubernetes#128874,0,0,0.060266
kubernetes/kubernetes#128911,0,0,0.231229
kubernetes/kubernetes#128965,0,0,0.400013
kubernetes/kubernetes#128975,1,1,0.508548
kubernetes/kubernetes#129001,0,0,0.498618
kubernetes/kubernetes#129012,0,0,0.488155
kubernetes/kubernetes#129036,0,0,0.147954
kubernetes/kubernetes#129076,1,0,0.483546
kubernetes/kubernetes#129121,1,1,0.612786
kubernetes/kubernetes#129230,0,0,0.34285
kubernetes/kubernetes#129260,1,1,0.512549
kubernetes/kubernetes#129261,0,1,0.563466
kubernetes/kubernetes#129270,1,1,0.654594
kubernetes/kubernetes#129312,0,0,0.469433
kubernetes/kubernetes#129335,0,0,0.381546
kubernetes/kubernetes#129402,0,0,0.338649
kubernetes/kubernetes#129689,1,0,0.451436
kubernetes/kubernetes#129757,1,0,0.21912
kubernetes/kubernetes#129766,1,1,0.633867
kubernetes/kubernetes#129802,0,0,0.139579
kubernetes/kubernetes#129817,0,0,0.474765
kubernetes/kubernetes#129880,0,0,0.468206
kubernetes/kubernetes#129975,1,1,0.537256
kubernetes/kubernetes#130018,1,0,0.210896
kubernetes/kubernetes#130327,0,0,0.169728
kubernetes/kubernetes#130343,0,0,0.380903
kubernetes/kubernetes#130402,1,1,0.542574
kubernetes/kubernetes#130881,1,1,0.522764
kubernetes/kubernetes#130897,1,1,0.640632
kubernetes/kubernetes#130923,1,1,0.669891
kubernetes/kubernetes#130969,1,1,0.532773
kubernetes/kubernetes#131004,0,0,0.160732
kubernetes/kubernetes#131008,0,0,0.271968
kubernetes/kubernetes#131009,0,0,0.275372
kubernetes/kubernetes#131044,0,0,0.424981
kubernetes/kubernetes#131075,0,0,0.172281
kubernetes/kubernetes#131152,1,1,0.561652
kubernetes/kubernetes#131402,0,1,0.527979
kubernetes/kubernetes#131544,0,0,0.181587
kubernetes/kubernetes#131582,1,1,0.679799
kubernetes/kubernetes#131638,1,1,0.504722
kubernetes/kubernetes#131775,1,1,0.603575
kubernetes/kubernetes#131828,1,0,0.345567
kubernetes/kubernetes#131851,1,1,0.537212
kubernetes/kubernetes#131918,0,0,0.369785
kubernetes/kubernetes#131920,0,0,0.170013
kubernetes/kubernetes#131957,0,0,0.431616
kubernetes/kubernetes#132037,0,1,0.523405
kubernetes/kubernetes#132492,0,0,0.199347
kubernetes/kubernetes#133102,1,1,0.674096
kubernetes/kubernetes#133209,0,0,0.24158
kubernetes/kubernetes#133216,0,0,0.117566
kubernetes/kubernetes#133247,0,0,0.166001
kubernetes/kubernetes#133284,0,0,0.253049
kubernetes/kubernetes#133295,1,1,0.557846
kubernetes/kubernetes#133493,1,0,0.172572
kubernetes/kubernetes#133495,1,0,0.192363
kubernetes/kubernetes#133526,1,0,0.328739
kubernetes/kubernetes#133550,1,0,0.360446
kubernetes/kubernetes#133671,0,0,0.156492
kubernetes/kubernetes#133698,1,0,0.27462
kubernetes/kubernetes#133735,0,0,0.36753
kubernetes/kubernetes#133761,1,0,0.427609
kubernetes/kubernetes#133942,1,0,0.393058
kubernetes/kubernetes#134217,0,1,0.583758
kubernetes/kubernetes#134224,0,0,0.251891
kubernetes/kubernetes#134282,0,0,0.395469
kubernetes/kubernetes#134331,0,0,0.373496
kubernetes/kubernetes#134610,1,1,0.693415
kubernetes/kubernetes#134750,1,1,0.585442
kubernetes/kubernetes#134783,0,0,0.290133
kubernetes/kubernetes#134804,0,0,0.143464
kubernetes/kubernetes#134813,1,1,0.544466
kubernetes/kubernetes#134880,0,0,0.382462
kubernetes/kubernetes#135136,1,0,0.374036
kubernetes/kubernetes#135178,1,1,0.640611
kubernetes/kubernetes#135323,0,0,0.355543
kubernetes/kubernetes#135341,0,0,0.342815
kubernetes/kubernetes#135403,0,0,0.146954
kubernetes/kubernetes#135417,0,0,0.468835
kubernetes/kubernetes#135422,0,0,0.187279
kubernetes/kubernetes#135453,0,0,0.079991
kubernetes/kubernetes#135825,0,0,0.422706
kubernetes/kubernetes#135848,0,1,0.536448
kubernetes/kubernetes#135860,0,0,0.362316
microsoft/TypeScript#57086,1,1,0.593396
microsoft/TypeScript#57138,1,1,0.564391
microsoft/TypeScript#57141,0,1,0.541383
microsoft/TypeScript#57149,1,0,0.478637
microsoft/TypeScript#57151,1,1,0.536574
microsoft/TypeScript#57182,1,0,0.478412
microsoft/TypeScript#57187,1,0,0.468021
microsoft/TypeScript#57222,1,1,0.654879
microsoft/TypeScript#57228,0,0,0.426597
microsoft/TypeScript#57240,0,0,0.493346
microsoft/TypeScript#57423,1,1,0.569337
microsoft/TypeScript#57511,0,1,0.62948
microsoft/TypeScript#57562,0,0,0.460117
microsoft/TypeScript#57817,1,1,0.679707
microsoft/TypeScript#57884,1,1,0.522476
microsoft/TypeScript#57897,0,0,0.436352
microsoft/TypeScript#57978,1,1,0.627492
microsoft/TypeScript#58185,1,0,0.427975
microsoft/TypeScript#58210,1,0,0.464195
microsoft/TypeScript#58269,0,0,0.349211
microsoft/TypeScript#58270,1,1,0.561436
microsoft/TypeScript#58300,1,1,0.507981
microsoft/TypeScript#58325,1,0,0.42183
microsoft/TypeScript#58327,0,0,0.431834
microsoft/TypeScript#58334,0,0,0.294732
microsoft/TypeScript#58347,0,1,0.671814
microsoft/TypeScript#58578,1,1,0.553347
microsoft/TypeScript#58603,0,0,0.458117
microsoft/TypeScript#58611,1,0,0.467961
microsoft/TypeScript#58698,0,0,0.322611
microsoft/TypeScript#58725,0,0,0.435088
microsoft/TypeScript#58877,1,0,0.448116
microsoft/TypeScript#58888,1,1,0.598657
microsoft/TypeScript#58926,0,0,0.433756
microsoft/TypeScript#58991,0,1,0.524692
microsoft/TypeScript#58996,0,1,0.526963
microsoft/TypeScript#58999,0,1,0.600765
microsoft/TypeScript#59024,0,0,0.227148
microsoft/TypeScript#59032,0,1,0.575421
microsoft/TypeScript#59036,1,0,0.244757
microsoft/TypeScript#59056,0,1,0.578228
microsoft/TypeScript#59063,0,1,0.592467
microsoft/TypeScript#59074,1,1,0.560452
microsoft/TypeScript#59365,1,0,0.417291
microsoft/TypeScript#59372,0,0,0.335188
microsoft/TypeScript#59373,0,0,0.426066
microsoft/TypeScript#59408,0,0,0.422725
microsoft/TypeScript#59413,1,0,0.375432
microsoft/TypeScript#59464,1,0,0.44263
microsoft/TypeScript#59471,0,0,0.435055
microsoft/TypeScript#59477,1,1,0.741046
microsoft/TypeScript#59632,1,1,0.508176
microsoft/TypeScript#59641,0,0,0.433573
microsoft/TypeScript#59699,0,1,0.6306
microsoft/TypeScript#59765,1,0,0.449593
microsoft/TypeScript#59812,0,0,0.424136
microsoft/TypeScript#59813,1,0,0.412362
microsoft/TypeScript#59993,1,1,0.614074
microsoft/TypeScript#60020,1,1,0.687037
microsoft/TypeScript#60054,1,0,0.414309
microsoft/TypeScript#60059,1,1,0.637528
microsoft/TypeScript#60255,1,1,0.560471
microsoft/TypeScript#60326,1,0,0.428441
microsoft/TypeScript#60338,0,0,0.281295
microsoft/TypeScript#60350,1,1,0.591497
microsoft/TypeScript#60353,1,1,0.500276
microsoft/TypeScript#60366,1,1,0.632973
microsoft/TypeScript#60372,0,1,0.547069
microsoft/TypeScript#60375,0,0,0.452254
microsoft/TypeScript#60380,1,1,0.540679
microsoft/TypeScript#60533,1,0,0.371966
microsoft/TypeScript#60547,1,0,0.436609
microsoft/TypeScript#60551,0,1,0.513755
microsoft/TypeScript#60560,1,0,0.405224
microsoft/TypeScript#60575,0,0,0.409014
microsoft/TypeScript#60592,0,0,0.43138
microsoft/TypeScript#60606,1,1,0.507277
microsoft/TypeScript#60638,1,1,0.557964
microsoft/TypeScript#60695,0,1,0.541417
microsoft/TypeScript#60700,0,1,0.568292
microsoft/TypeScript#60783,0,1,0.538072
microsoft/TypeScript#60784,1,0,0.457741
microsoft/TypeScript#60813,1,1,0.606968
microsoft/TypeScript#60831,1,0,0.442648
microsoft/TypeScript#60836,1,1,0.577268
microsoft/TypeScript#60856,1,0,0.482071
microsoft/TypeScript#60867,0,0,0.303229
microsoft/TypeScript#60956,1,0,0.496277
microsoft/TypeScript#60965,0,0,0.321367
microsoft/TypeScript#60975,1,0,0.378657
microsoft/TypeScript#60991,1,0,0.425834
microsoft/TypeScript#60995,0,0,0.275324
microsoft/TypeScript#61012,1,0,0.489126
microsoft/TypeScript#61063,0,0,0.473158
microsoft/TypeScript#61070,1,1,0.545394
microsoft/TypeScript#61141,0,1,0.647953
microsoft/TypeScript#61169,0,1,0.60502
microsoft/TypeScript#61170,0,0,0.426324
microsoft/TypeScript#61186,0,0,0.422563
microsoft/TypeScript#61207,0,1,0.635805
microsoft/TypeScript#61302,1,1,0.67533
microsoft/TypeScript#61360,0,0,0.385044
microsoft/TypeScript#61365,0,1,0.612677
microsoft/TypeScript#61375,0,0,0.358287
microsoft/TypeScript#61377,0,1,0.501404
microsoft/TypeScript#61382,0,0,0.370968
microsoft/TypeScript#61419,0,1,0.592657
microsoft/TypeScript#61458,0,0,0.232079
microsoft/TypeScript#61478,1,1,0.647411
microsoft/TypeScript#61517,0,1,0.61645
microsoft/TypeScript#61527,0,1,0.517079
microsoft/TypeScript#61540,0,0,0.389315
microsoft/TypeScript#61572,1,1,0.5089
microsoft/TypeScript#61595,0,1,0.526114
microsoft/TypeScript#61618,0,1,0.657843
microsoft/TypeScript#61629,1,0,0.255327
microsoft/TypeScript#61630,1,0,0.383166
microsoft/TypeScript#61659,0,1,0.593147
microsoft/TypeScript#61704,1,0,0.469641
microsoft/TypeScript#61731,0,0,0.448013
microsoft/TypeScript#61734,0,0,0.412201
microsoft/TypeScript#61737,0,0,0.474721
microsoft/TypeScript#61747,0,0,0.374211
microsoft/TypeScript#61761,1,1,0.610734
microsoft/TypeScript#61847,1,1,0.548067
microsoft/TypeScript#61905,0,0,0.407686
microsoft/TypeScript#61917,1,1,0.541286
microsoft/TypeScript#61919,1,1,0.511312
microsoft/TypeScript#61959,1,0,0.343327
microsoft/TypeScript#62043,1,0,0.490472
microsoft/TypeScript#62253,0,1,0.530124
microsoft/TypeScript#62259,0,0,0.494556
microsoft/TypeScript#62286,0,0,0.343422
microsoft/TypeScript#62302,1,1,0.5222
microsoft/TypeScript#62319,1,0,0.464313
microsoft/TypeScript#62353,1,0,0.402266
microsoft/TypeScript#62449,0,1,0.51873
microsoft/TypeScript#62458,1,1,0.681366
microsoft/TypeScript#62461,1,1,0.589645
microsoft/TypeScript#62499,0,0,0.348681
microsoft/TypeScript#62518,0,0,0.246684
microsoft/TypeScript#62560,0,1,0.611076
microsoft/TypeScript#62570,0,1,0.510077
microsoft/TypeScript#62595,0,1,0.553402
microsoft/TypeScript#62625,1,1,0.699605
microsoft/TypeScript#62636,1,0,0.476044
microsoft/TypeScript#62705,0,0,0.391365
microsoft/TypeScript#62723,1,1,0.673579
microsoft/TypeScript#62767,1,0,0.406035
microsoft/TypeScript#62777,1,1,0.608121
microsoft/TypeScript#62807,1,1,0.644322
microsoft/TypeScript#62819,1,1,0.571186
microsoft/TypeScript#62828,1,1,0.57414
microsoft/TypeScript#62829,0,1,0.617696
microsoft/TypeScript#62866,1,1,0.55766
microsoft/vscode#203819,1,1,0.770209
microsoft/vscode#203839,1,1,0.733918
microsoft/vscode#203847,0,0,0.385484
microsoft/vscode#203860,1,1,0.516872
microsoft/vscode#203873,1,0,0.411069
microsoft/vscode#203875,0,0,0.49729
microsoft/vscode#206448,1,1,0.576903
microsoft/vscode#206477,1,0,0.391006
microsoft/vscode#206494,1,0,0.430805
microsoft/vscode#206521,1,1,0.601787
microsoft/vscode#206541,0,0,0.429413
microsoft/vscode#206542,0,0,0.448108
microsoft/vscode#206568,0,1,0.553708
microsoft/vscode#206570,1,0,0.407433
microsoft/vscode#209100,0,1,0.62186
microsoft/vscode#209127,0,1,0.795506
microsoft/vscode#209133,1,0,0.412311
microsoft/vscode#209143,1,0,0.404179
microsoft/vscode#209148,1,1,0.506535
microsoft/vscode#209154,0,0,0.334898
microsoft/vscode#209171,1,1,0.714982
microsoft/vscode#209178,0,0,0.385086
microsoft/vscode#209205,1,1,0.734264
microsoft/vscode#209213,1,1,0.759427
microsoft/vscode#209229,1,1,0.622162
microsoft/vscode#211594,0,1,0.581244
microsoft/vscode#211597,0,1,0.505263
microsoft/vscode#211609,1,1,0.710925
microsoft/vscode#211615,1,1,0.501693
microsoft/vscode#211631,1,0,0.297215
microsoft/vscode#211640,0,1,0.564099
microsoft/vscode#211642,1,0,0.398125
microsoft/vscode#211645,1,1,0.570489
microsoft/vscode#211679,1,1,0.703515
microsoft/vscode#211695,0,1,0.51856
microsoft/vscode#211708,0,0,0.318333
microsoft/vscode#211735,0,1,0.706892
microsoft/vscode#211738,0,0,0.303407
microsoft/vscode#211742,0,0,0.280795
microsoft/vscode#213922,1,1,0.598459
microsoft/vscode#213931,0,0,0.234661
microsoft/vscode#213964,1,1,0.560886
microsoft/vscode#214014,0,1,0.572912
microsoft/vscode#214034,1,0,0.318467
microsoft/vscode#214043,1,1,0.584316
microsoft/vscode#219051,0,0,0.463199
microsoft/vscode#219071,0,1,0.57705
microsoft/vscode#219252,1,1,0.552742
microsoft/vscode#219273,1,0,0.345743
microsoft/vscode#219276,1,1,0.528449
microsoft/vscode#219282,1,1,0.502406
microsoft/vscode#219292,1,1,0.540766
microsoft/vscode#219311,1,1,0.799687
microsoft/vscode#224297,0,1,0.617475
microsoft/vscode#224361,0,1,0.608199
microsoft/vscode#224369,1,0,0.399813
microsoft/vscode#224370,1,1,0.669201
microsoft/vscode#224392,1,0,0.471546
microsoft/vscode#224437,0,0,0.451737
microsoft/vscode#224447,1,1,0.60622
microsoft/vscode#227165,0,0,0.438822
microsoft/vscode#227176,0,0,0.410741
microsoft/vscode#227201,0,0,0.40871
microsoft/vscode#227233,0,1,0.541517
microsoft/vscode#227267,0,1,0.615092
microsoft/vscode#227274,0,0,0.495496
microsoft/vscode#227286,1,1,0.71731
microsoft/vscode#227288,0,1,0.664526
microsoft/vscode#230099,1,0,0.364547
microsoft/vscode#230108,0,0,0.366847
microsoft/vscode#230110,0,1,0.669049
microsoft/vscode#230129,0,0,0.295771
microsoft/vscode#232661,0,0,0.39196
microsoft/vscode#232673,0,1,0.563729
microsoft/vscode#232711,0,1,0.787244
microsoft/vscode#232730,0,1,0.641257
microsoft/vscode#232754,0,1,0.618246
microsoft/vscode#232758,1,0,0.483949
microsoft/vscode#234859,1,1,0.757896
microsoft/vscode#234924,1,1,0.530848
microsoft/vscode#234932,1,1,0.549994
microsoft/vscode#236532,1,1,0.634219
microsoft/vscode#237056,1,1,0.691137
microsoft/vscode#237059,1,0,0.464711
microsoft/vscode#237075,0,0,0.477136
microsoft/vscode#237097,1,1,0.591513
microsoft/vscode#237103,1,1,0.716944
microsoft/vscode#237105,0,0,0.440365
microsoft/vscode#237116,1,1,0.588795
microsoft/vscode#237117,1,1,0.59289
microsoft/vscode#239184,1,1,0.69415
microsoft/vscode#239234,0,1,0.607699
microsoft/vscode#239257,0,0,0.479909
microsoft/vscode#239262,0,0,0.353257
microsoft/vscode#239328,1,0,0.497372
microsoft/vscode#239368,1,0,0.427098
microsoft/vscode#239370,0,0,0.445902
microsoft/vscode#242222,0,0,0.489547
microsoft/vscode#242230,1,0,0.393673
microsoft/vscode#242251,1,1,0.83043
microsoft/vscode#242281,0,0,0.31344
microsoft/vscode#242300,0,0,0.371796
microsoft/vscode#242319,1,1,0.508031
microsoft/vscode#242341,0,1,0.530308
microsoft/vscode#242348,0,0,0.274676
microsoft/vscode#242357,1,0,0.387106
microsoft/vscode#244960,1,1,0.770511
microsoft/vscode#245018,0,1,0.519971
microsoft/vscode#245020,0,0,0.415577
microsoft/vscode#245098,1,1,0.636203
microsoft/vscode#245110,0,0,0.259637
microsoft/vscode#245114,0,0,0.423974
microsoft/vscode#245132,0,0,0.289045
microsoft/vscode#245136,0,0,0.231666
microsoft/vscode#245137,0,0,0.350088
microsoft/vscode#245155,0,0,0.369242
microsoft/vscode#245177,0,0,0.401352
microsoft/vscode#245178,1,0,0.465363
microsoft/vscode#247825,0,0,0.442135
microsoft/vscode#247846,0,0,0.426904
microsoft/vscode#247880,1,0,0.488766
microsoft/vscode#247888,1,0,0.443603
microsoft/vscode#247917,1,1,0.777336
microsoft/vscode#247918,1,1,0.645903
microsoft/vscode#250035,1,0,0.330257
microsoft/vscode#250051,1,1,0.616513
microsoft/vscode#250080,0,1,0.568942
microsoft/vscode#250093,1,1,0.574813
microsoft/vscode#250099,1,1,0.619349
microsoft/vscode#250112,0,0,0.346825
microsoft/vscode#250146,0,1,0.536102
microsoft/vscode#250169,1,1,0.668889
microsoft/vscode#250199,0,0,0.462832
microsoft/vscode#253042,0,0,0.264949
microsoft/vscode#253076,1,1,0.705021
microsoft/vscode#253083,0,0,0.152854
microsoft/vscode#253091,0,0,0.256792
microsoft/vscode#253101,0,0,0.16373
microsoft/vscode#259025,1,1,0.640229
microsoft/vscode#259048,1,0,0.407466
microsoft/vscode#259071,1,0,0.491595
microsoft/vscode#259077,1,1,0.550131
microsoft/vscode#259092,1,0,0.237104
microsoft/vscode#259094,1,1,0.776111
microsoft/vscode#259101,0,1,0.555833
microsoft/vscode#264112,0,1,0.576783
microsoft/vscode#264113,0,1,0.711314
microsoft/vscode#264130,0,1,0.548516
microsoft/vscode#264132,0,1,0.661497
microsoft/vscode#264204,1,1,0.564486
microsoft/vscode#264239,1,1,0.500453
microsoft/vscode#264251,1,1,0.779299
microsoft/vscode#269127,1,0,0.446204
microsoft/vscode#269157,0,1,0.736314
microsoft/vscode#269170,0,0,0.461146
microsoft/vscode#269176,1,0,0.462023
microsoft/vscode#269191,0,0,0.451235
microsoft/vscode#269232,1,1,0.717974
microsoft/vscode#274308,0,0,0.189741
microsoft/vscode#274311,0,0,0.13346
microsoft/vscode#274313,0,0,0.17478
microsoft/vscode#274325,0,1,0.778511
microsoft/vscode#274343,0,0,0.216404
microsoft/vscode#274360,1,0,0.387844
microsoft/vscode#274401,0,1,0.749532
microsoft/vscode#280086,0,0,0.400255
microsoft/vscode#280132,1,1,0.609887
microsoft/vscode#280144,1,1,0.700087
microsoft/vscode#280157,1,1,0.560039
microsoft/vscode#280164,1,0,0.422466
microsoft/vscode#280173,0,0,0.484702
microsoft/vscode#280181,1,1,0.806098
microsoft/vscode#280185,0,0,0.235986
microsoft/vscode#285378,0,1,0.648742
microsoft/vscode#285380,0,1,0.5864
microsoft/vscode#285400,0,0,0.334291
microsoft/vscode#285422,0,1,0.700897
microsoft/vscode#285435,0,1,0.600311
microsoft/vscode#285450,1,1,0.643169
microsoft/vscode#285452,0,0,0.444656
microsoft/vscode#285474,1,1,0.521258
microsoft/vscode#285517,1,1,0.796151
numpy/numpy#25532,1,0,0.280163
numpy/numpy#25586,0,0,0.361532
numpy/numpy#25725,0,0,0.322653
numpy/numpy#25742,1,0,0.365125
numpy/numpy#25743,0,0,0.207048
numpy/numpy#25815,0,0,0.1765
numpy/numpy#25824,1,0,0.358905
numpy/numpy#25836,0,0,0.337079
numpy/numpy#25892,0,0,0.333041
numpy/numpy#26069,0,0,0.255242
numpy/numpy#26088,1,0,0.369067
numpy/numpy#26137,0,1,0.525223
numpy/numpy#26158,0,0,0.43917
numpy/numpy#26164,0,0,0.18478
numpy/numpy#26178,0,0,0.274297
numpy/numpy#26188,0,0,0.242972
numpy/numpy#26225,1,0,0.312767
numpy/numpy#26242,0,0,0.386623
numpy/numpy#26275,1,0,0.370754
numpy/numpy#26341,0,0,0.45175
numpy/numpy#26349,0,0,0.231498
numpy/numpy#26455,0,0,0.348624
numpy/numpy#26545,0,0,0.27356
numpy/numpy#26560,1,0,0.280538
numpy/numpy#26581,0,0,0.253265
numpy/numpy#26598,1,0,0.331165
numpy/numpy#26663,1,0,0.333696
numpy/numpy#26700,0,0,0.191093
numpy/numpy#26725,1,0,0.307717
numpy/numpy#26726,0,0,0.207485
numpy/numpy#26732,0,0,0.252888
numpy/numpy#26735,0,0,0.196273
numpy/numpy#26765,0,0,0.176712
numpy/numpy#26810,0,0,0.145192
numpy/numpy#26817,0,0,0.271584
numpy/numpy#26982,1,0,0.466714
numpy/numpy#27006,0,0,0.320858
numpy/numpy#27012,0,0,0.339636
numpy/numpy#27020,0,0,0.280252
numpy/numpy#27039,1,0,0.303646
numpy/numpy#27067,1,0,0.375328
numpy/numpy#27135,1,0,0.289485
numpy/numpy#27175,0,0,0.246738
numpy/numpy#27183,0,0,0.350499
numpy/numpy#27231,0,0,0.326732
numpy/numpy#27248,0,0,0.279426
numpy/numpy#27257,0,0,0.193571
numpy/numpy#27270,0,0,0.218621
numpy/numpy#27299,1,0,0.365162
numpy/numpy#27340,0,0,0.229316
numpy/numpy#27352,0,0,0.155603
numpy/numpy#27386,0,0,0.306688
numpy/numpy#27399,0,0,0.218344
numpy/numpy#27461,0,1,0.595193
numpy/numpy#27545,0,0,0.295753
numpy/numpy#27583,0,0,0.148907
numpy/numpy#27601,0,0,0.33851
numpy/numpy#27654,1,0,0.30294
numpy/numpy#27759,1,0,0.356694
numpy/numpy#27798,1,0,0.427049
numpy/numpy#27821,1,0,0.423573
numpy/numpy#27833,0,0,0.417091
numpy/numpy#27888,1,1,0.605683
numpy/numpy#27969,0,0,0.147893
numpy/numpy#28076,0,0,0.443147
numpy/numpy#28095,0,0,0.235149
numpy/numpy#28150,0,0,0.356226
numpy/numpy#28156,0,0,0.280385
numpy/numpy#28256,0,0,0.208848
numpy/numpy#28267,0,0,0.235866
numpy/numpy#28337,0,0,0.315416
numpy/numpy#28487,0,0,0.193576
numpy/numpy#28572,0,0,0.372346
numpy/numpy#28606,0,0,0.499348
numpy/numpy#28656,1,0,0.375347
numpy/numpy#28716,1,0,0.270518
numpy/numpy#28780,0,0,0.3452
numpy/numpy#28830,0,0,0.324836
numpy/numpy#28866,0,0,0.326035
numpy/numpy#28921,0,0,0.425805
numpy/numpy#28947,0,0,0.227032
numpy/numpy#28950,0,0,0.25572
numpy/numpy#28991,0,0,0.236824
numpy/numpy#29045,0,0,0.253608
numpy/numpy#29090,0,0,0.277683
numpy/numpy#29131,0,0,0.252249
numpy/numpy#29255,0,0,0.369581
numpy/numpy#29258,0,0,0.193236
numpy/numpy#29319,0,0,0.324912
numpy/numpy#29391,0,0,0.235441
numpy/numpy#29439,0,0,0.248952
numpy/numpy#29454,0,0,0.227733
numpy/numpy#29461,1,0,0.388736
numpy/numpy#29462,0,0,0.196084
numpy/numpy#29497,0,0,0.168384
numpy/numpy#29510,0,0,0.493093
numpy/numpy#29515,0,0,0.186698
numpy/numpy#29554,1,0,0.222695
numpy/numpy#29568,0,0,0.220802
numpy/numpy#29583,0,0,0.245194
numpy/numpy#29620,1,0,0.186499
numpy/numpy#29635,0,1,0.516833
numpy/numpy#29705,0,0,0.34002
numpy/numpy#29707,0,0,0.173042
numpy/numpy#29758,0,0,0.241129
numpy/numpy#29805,0,0,0.297074
numpy/numpy#29821,0,0,0.452835
numpy/numpy#29953,0,0,0.33617
numpy/numpy#29995,0,0,0.155058
numpy/numpy#30056,0,0,0.27016
numpy/numpy#30307,1,0,0.316358
numpy/numpy#30354,0,0,0.198194
numpy/numpy#30470,1,0,0.230948
numpy/numpy#30488,0,0,0.331393
numpy/numpy#30497,0,0,0.228098
